,url,title,date,text
0,https://www.mk.ru/blogs/posts/ruki-proch-ot-patriota-serdyukova-a-vot-as-pushkina-sudit.html,"Руки прочь от патриота Сердюкова, а вот А.С. Пушкина – судить!. Блог Евгения Понасенкова на mk.ru",16 января 2015,"Чиновники уже не знают, как бороться с остатками культуры. Вот и я думаю – надо как-то уже заканчивать с вражескими элементами в тылу: надо срочно запретить и изъять из обращения произведения Лермонтова (за «прощай немытая Россия»), Грибоедова (за русофобское «Горе от ума»), Льва Толстого – за издевку над православием (над нашей исконно русской религией из древней Иудеи), следует так же осудить и запретить все, что связано с деятельностью и творчеством нацпредателя и автора современного русского литературного языка Пушкина (вспоминаем: Пушкин - в письме Вяземскому 27 мая 1826 года: «Я конечно презираю Отечество мое съ головы до ногъ — но мнѣдосадно если иностранецъ раздѣляетъ со мною это чувство. Ты, который не на привязи, какъ можешь ты оставаться въ Россіи? Если Царь дастъ мнѣ слободу, то я мѣсяца не останусь. Мы живемъ въ печальномъ вѣкѣ, но когда воображаю Лондонъ, чугунныя дороги, паровые корабли, Англ. журналы или Парижскія театры и бордели — то мое глухое Михайловское наводитъ на меня тоску и бѣшенство»). И срочно следует посмертно судить, приговорить и запретить негодяя и главаря «пятой колонны», завербованного правительством США и лично Аленом Даллесом – я говорю об основателе и первом председателе Русского исторического общества, действительном члене Академии Российской – Петре Вяземском: этот иудо-бандеровский прихвостень написал следующее: «Русский бог» Нужно ль вам истолкованье, Что такое русский бог? Вот его вам начертанье, Сколько я заметить мог. Бог метелей, бог ухабов, Бог мучительных дорог, Станций — тараканьих штабов, Вот он, вот он русский бог. Бог голодных, бог холодных, Нищих вдоль и поперек, Бог имений недоходных, Вот он, вот он русский бог. Бог грудей и жоп отвислых, Бог лаптей и пухлых ног, Горьких лиц и сливок кислых, Вот он, вот он русский бог. Бог наливок, бог рассолов, Душ, представленных в залог, Бригадирш обоих полов, Вот он, вот он русский бог. Бог всех с анненской на шеях, Бог дворовых без сапог, Бар в санях при двух лакеях, Вот он, вот он русский бог. К глупым полон благодати, К умным беспощадно строг, Бог всего, что есть некстати, Вот он, вот он русский бог. Бог всего, что из границы, Не к лицу, не под итог, Бог по ужине горчицы, Вот он, вот он русский бог. Бог бродяжных иноземцев, К нам зашедших за порог, Бог в особенности немцев, Вот он, вот он русский бог.» Итак, автора этого бандеровского стиха, созданного на деньги голубого лобби из Госдепа, Петра Вяземского, надо запретить в России – вместе с его подельником Пушкиным. Руки прочь от Сердюкова, свободу Васильевой! Не сметь посягать на русских патриотов!"
1,https://www.mk.ru/blogs/posts/istoricheskiy-smysl-zapreta-vozhdeniya-avtomobiley-transseksualami.html, Исторический смысл запрета вождения автомобилей транссексуалами. Блог Евгения Понасенкова на mk.ru,12 января 2015,"За последние дни ко мне, как к члену Независимого совета по правам человека пришло много писем с вопросами о новом законе. Его так же громко и много обсуждают в социальных сетях. Что могу сказать? Ну, все понятно - все крики про «фашизм» и т.д., тут уже все давно ясно - трагикомичные конвульсии издыхающего, но еще злобного монстра. Однако давайте подумаем о позитивном моменте, с точки зрения социальной антропологии. Во-первых, многие советские граждАне, которых будут останавливать служители, так сказать, закона, впервые в жизни задумаются, какого они, собственно, секса и есть ли у них вообще секс (т.е.""пол"" - в переводе; но и вообще, есть ли у них секс в смысле акта). А то у нас ездят, к примеру, сотни тысяч ожирелых безвольных подкаблучников, у которых грудь больше, чем у жен, и которые любовно не удовлетворяют ни жену, ни себя (т.н. местный «патриотизм» - т.е. крики на диване ""сдохни Украина и Америка"" в счет не идут) - и к мужескому полу отношения не имеют. Так же мужеподобных совдеповских тёток, мужлански бряцающих большевистскими ножищами по мостовым, набивающих туловище шашлыками и пойлом, и ненавидящих весь свет - никак нельзя назвать женщинами. Вот пусть советский народец и задумается - что он такое есть? Плюс - вообще забавно понаблюдать, как полицейский в брюках и с фуражкой будет спрашивать у граждан: ""Вот вы по паспорту ""Сидоров"", а женщиной себя, случаем, не ощущаете - а то мне надо выполнять план по выявлению женщин среди мужчин народа-богоносца"". Ну, при таких мизансценах заодно знакомства пойдут, неформалка, телефончики, встречи в тайне от жен, окончательный крах давно кризисной советской ячейки-семьи и т.д. Так что закон о запрете вожделения автомобилей транссексуалами не лишен исторического смысла."
2,https://www.mk.ru/blogs/posts/elena-obrazcova-odnim-velikim-golosom-v-mire-stalo-menshe.html,Елена Образцова…: одним великим голосом в мире стало меньше. Блог Евгения Понасенкова на mk.ru,12 января 2015,"Последней фразой, которую она пропела на публике (уже в больничной палате) была из знаменитой неаполитанской песни «Musica proibita» («Запретная мелодия»). Долгие десятилетия ее голосом жили многие арии и песни о любви. Грандиозная, страстная, темпераментная, доброжелательная и резкая – но всегда блистательно талантливая Елена Васильевна. Это был уникальный певческий и артистический организм, феноменальный профессионализм. И многое оставалось для широкой аудитории «за кадром». В 2009 году я режиссировал представление к ее 70-летнему юбилею в Большом театре – и был свидетелем, как Елена Васильевна на репетиции пропевала практически ВСЕ партии (за мужские и женские голоса), помогая солистам и дирижеру. Она знала все партии наизусть, могла имитировать самые разные модели эмиссии звука. Образцова обладала колоссальной харизмой. Зал всегда был в восторге от одного ее выхода на сцену. Первые шаги этой эпической дивы вызывали у зрителя огромные эмоции. Она была открыта для экспериментов. Пела не только меццовые арии, но и сопрановые (например – сложнейшую арию из «Тоски»!!). Лучшая исполнительница романсов Рахманинова – а потому что страстная запредельно – и голос был большой. Да, да – сейчас вокалисты имеют много возможностей для технического развития голоса – но звучания масштаба Образцовой и певцов ее эпохи не могут достигнуть даже в приближении. Кто хочет услышать чудо – пусть послушает запись ее «Кармен» с грандиозным Доминго, в постановке великого Дзеффирелли и за пультом тогда в Вене стоял гениальный Карлос Клайбер. Ее Шарлотта, Сантуцца, графиня из «Пиковой» - это шедевры певческого и артистического мастерства. Так случилось, что многие определяющие события в моей жизни прямо или косвенно были связаны с Еленой Васильевной, с людьми и ситуациями в ее биографии и около. Я не устаю поражаться сложнейшей и очень красивой драматургии, которую пишет жизнь. Вот уж, где настоящая опера – так это вне публичных спектаклей, ограниченных двумя-тремя часами! Образцова – навсегда останется великой страницей в книге судеб мировой музыки."
3,https://www.mk.ru/blogs/posts/terakt-v-parizhe-ne-terakt-a-voyna.html,"Теракт в Париже – не теракт, а война!. Блог Евгения Понасенкова на mk.ru",8 января 2015,"Пора перестать прятать голову в песок, сегодняшний зверский акт исламистов в Париже – не теракт, а война. Война варварская, дикая, война без правил – на языке науки она называется нонконвенциональная. Это не новое явление – ему не одна сотня лет, но только сейчас враг действует изнутри, с тыла и с помощью тех технических средств, которые люди цивилизации ему сами предоставили. Враг пущен в этот в тыл вследствие катастрофических интеллектуальных ошибок второй половины 20-го века. И вина за это лежит, в первую очередь, на левых движениях. Именно они предали европейскую цивилизацию и здравый смысл. Мы видим, как страх входит в каждый европейский дом – никто уже не может себе позволить говорить и писать, что он думает. Это подлинный крах системы мыслительной деятельности, которая создала великую европейскую культуру – ее науку и искусство. Взрывы небоскребов, убийства безоружных людей на улице, легко осуществимая стрельба из автоматов в прежде комфортном и спокойном городе – это все бои упомянутой нонконвенциональной войны. Пока мы ее научно и юридически не идентифицируем как именно войну – мы продолжим оставаться цивилизацией самоубийц. Я подчеркиваю: жизненно необходимо перестать прятать голову в песок, и начать, наконец, называть вещи своими именами – у нашего противника в этой войне (я бы ее назвал Третьей мировой) есть конкретная идеология (религиозная) и даже можно обозначить границы государств и народов, которые ее поставляют. Однако главная ее военная (тактическая и стратегическая) особенность – в том, что противник запущен в тыл – причем, все теми же (если использовать традиционную терминологию) полками, батальонами и ротами. Именно ими он и действует, устраивая погромы, сжигая машины (это делают полки и дивизии) или расстреливая людей (роты и взводы). Пока мы лишь наблюдаем за убийствами и не боремся. Только назвав вещи своими именами и четко указав на врага, мы сможем получить шанс на спасение нашей цивилизации."
4,https://www.mk.ru/blogs/posts/dva-revanshizma-na-odnu-bolnuyu-biografiyu.html,Два реваншизма на одну больную биографию. Блог Евгения Понасенкова на mk.ru,2 декабря 2014,"Ну, что, товарищи, любители «особого пути»? Вам мало нынешнего позорного падения рубля, закрытия больниц и международной изоляции? Вы хотите довести до полного краха? Вы где теперь остановитесь? На уровне 1991-го или доведете до бункера? На что вы надеетесь? На т.н. «чудотворные» иконы, на победу коммунизЬма или на нажатие заветной кнопки, от которой будет плохо всем – но, главное, что и «им»? Неужели непонятно, что или вы будете жить по законам всех цивилизованных стран мира – или не будете жить вообще? Реваншизм – опаснейшее существо, однажды оно уже привело к миллионным жертвам. «Империя зла» - СССР существовал на фиктивной экономике, на монструозной идеологии, на постоянных репрессиях – и по всем этим причинам он сгнил и распался. У той части населения, которую устраивал весь этот мрак, осталось ощущение ущербности, злобы, реваншизма – и вот теперь она забрызгала всеми этими прелестями окружающих. Но в нынешнем контексте, при современном уровне развития информационных технологий, рынка товаров и услуг, технических инноваций и т.д. тоталитарная система нежизнеспособна, а ее агрессивность может быть остановлена даже экономическими методами. Что и происходит на наших глазах. В итоге теперь у злобных адептов тоталитаризма, «особого пути» есть целых два реваншизма на одну шизонутую биографию – от двух исторических поражений. И они стали гораздо злее. Я еще в мае-июне писал – предупреждал, что самое печальное начнется, когда эйфория реваншистов потерпит провал: они будут мстить тем, кто пытался уберечь страну от сползания в пропасть – и я оказался прав."
5,https://www.mk.ru/blogs/posts/k-chemu-prizyvayut-gimny.html,К чему призывают гимны? . Блог Евгения Понасенкова на mk.ru,1 декабря 2014,"В нашем мире существуют вещи фактически самоочевидные – поэтому можно только удивляться, что все равно многие их не понимают (хотя, оглядываясь на историю вида хомо, удивляться давно нечему). Так я с печалью замечаю, что значительная часть населения умудряется не понимать ценности прав человека – вплоть до неумения ценить его право на жизнь. От этого происходят все трагедии в частной жизни – и в даже войны. Иногда, читая письма, которые приходят в наш Независимый совет по правам человека – в ужас приходишь от кровожадности некоторых, кто органически ненавидит самое понятие «личности», «человека частного» (вспоминаем Бродского), а ратует за «права» параноидной идеи о некоей мифической империи (или религиозной идеологии), ради которой все должны дружно подохнуть в грязных окопах. Я не могу отвечать за всех членов НСПЧ, но выскажусь лично за себя. Итак, чтобы было предельно понятно. Я всегда выступал за право человека (паспортные данные значения не имеют) на уважение его достоинства. Поэтому, когда в 2008 пропаганда назвала всех грузин врагами - я продолжал уважать грузин, а в период обострения на границе я даже НЕ встал под гимн во время его исполнения на одном из мероприятий русской культурной программы на Олимпиаде в Пекине (там я, кстати, режиссировал гала-концерты оперы и балета, и не только режиссировал, но и сам пел). Помню эту комическую сцену - когда наша делегация всеми частями тела и мимикой требовала, чтобы я встал - смотрелось это феноменально комично, просто утренник в палате нервных. Когда возмущение коррупцией начало принимать угрожающие для режима масштабы, и пропаганда изобрела для отвлечения толпы новых врагов - геев, евреев (хотя это устарело - работает четко, но уже вяло), американцев (работает хорошо, но неэффективно - они далеко и население РФ пользуется их достижениями) и украинцев - я стал во всех статьях, интервью, лекциях объяснять, что эта мерзость - просто, чтобы отвлечь от реальных проблем. Короче говоря, я всегда любил ""Тбилисо"" (и даже как-то напел с листка), украинские песни (но языка не знаю - сейчас может, специально выучу одну - запишу), восхищаюсь фильмами Висконти, любуюсь красотой молодого Алена Делона и готов к любым романтическим авантюрам и куртуазностям, слушаю заводные еврейские мелодии, обожаю классический Голливуд и т.д. В последние дни в США толпа определенного типа нападает на мирно живущих людей, грабит и бандитствует - поэтому я встал на сторону людей-созидателей. Агрессоры - будь то коррупционеры ""империи зла"", террористы той самой (самой мирной) религиозной идеологии или просто бандиты (ВСЕХ внешностей), которые поколениями живут на пособия и нападают на тех, кто их кормит - всегда будут моими личными врагами. И наоборот - те, НА кого напали - я их не перестану поддерживать, хотя это очень опасно и тяжело."
6,https://www.mk.ru/blogs/posts/v-moskve-ustanovlen-pamyatnik-pleshivomu-slabaku-i-bezdelniku.html,В Москве установлен памятник «плешивому» слабаку и бездельнику. Блог Евгения Понасенкова на mk.ru,25 ноября 2014,"Юбилеи исторических событий часто празднуют пошло, но Россия с ее насквозь мифологизированной историей – просто рекордсмен в этом отношении. На днях в Москве установили очередной памятник - на этот раз Александру I. Поскольку его эпоха – предмет многих моих научных исследований, в т.ч. монографии – я предлагаю насладиться и поглядеть, кого уважает нынешняя власть (просто несколько фактов из его политической и частной биографии): - отцеубийца (+ прочих участников убийства отца наградил и дал командование армиями) - из личной зависти к славе Наполеона, развившейся в паранойю, погубил сотни тысяч русских жизней, решив начать интервенцию во Францию в 1805 году (его разбили под Аустерлицем, он вновь пошел войной в 1806-7 гг - опять «получил под зад» - у Фридланда; Наполеон ему милостиво подарил мир, Александр тут же стал готовиться к новой войне - обрушил бюджет, продал в крепостное рабство 10 000 государственных крестьян; развязал новую войну в 1812 - ТУТ ЖЕ С ПОЗОРОМ СБЕЖАЛ с фронта в Петербург - там отсиживался, пока русские люди гибли; после войны несколько лет путешествовал по заграницам и так НИКОГДА и не посетил поле проигранного Бородина - за что его все презирали и в итоге офицеры-""декабристы"" решили убить, но он их опередил - сам помер в Таганроге). - устроил насильственную депортацию 60 тыс. еврейских семей (в этом отношении - предшественник Сталина и Гитлера). - полный провал практически всех потуг на реформы (отчего Гоголь вывел Александра в смехотворном образе Манилова). - есть все основания подозревать его в импотенции (сохранились документы его консультаций по данной проблеме у немецких врачей); наследника не оставил, но сам этот ""православный"" (оплот нравственности) царь находил любовников своей несчастной жене. - в последние десять лет правления, по свидетельству современников, ""буквально сошел с ума"" на религии - управление передоверил жестокому сатрапу Аракчееву (под настроение тот мог подойти и вырвать усы у солдата). - Пушкин о новом ""памятнике"": ""Властитель слабый и лукавый; плешивый щеголь, враг труда..."". - Во время заседаний Венского конгресса европейское общество смогло рассмотреть Александра вблизи и составить о нем мнение, основанное на близком общении (подробнее). Высший свет и дипломаты именовали царя не иначе, как «фальшивым», не имеющим «морали в практических вопросах», «лишенным нравственных основ, хотя говорит о религии, как святой, и соблюдает обрядовую внешность», «ему кажется, что мир создан только для него». Граф де Линь называет его «пустозвоном». Канцлер Пруссии Карл Август фон Гарденберг в письме к генералу Августу Вильгельму фон Гнейзенау жалуется на «властолюбие и коварство под личиной человеколюбия и благородных, либеральны намерений». В словах царя «любовь и человечество, а в сердце ложь», — резюмирует архиепископ Игнатий. Лаконичнее всех выразил свою мысль посол Великобритании, ради которой Александр угробил сотни тысяч русских жизней: «честолюбивый, злословящий дурак». Иной нервический читатель может не испытывать доверия к не исповедующим православие буржуям-европейцам, но вот еще две оценки, выданные царю Александру по эту сторону «хмурых туч». Его биограф и родственник великий князь Николай Михайлович Романов: «В остальные же двадцать четыре года его правления интересы России, к сожалению, были отправлены им на второй план». Выдающийся ум России эпохи 1812 года М. М. Сперанский «выставлял его человеком ограниченным, равнодушным к пользе Отечества, беззаботным, красовавшимся своею фигурою, свиставшим у окна, когда ему докладывали дела…» (Шильдер Н. К. Император Александр I. Его жизнь и царствование. С.- Пб, 1905, т. 3, с. 38). Короче говоря, ставить памятник столь убогому персонажу, совершившему массу преступлений - это ПОЗОР России, который еще и уродует пейзаж (ломает строй парка; фигура явно сплагиатирована с памятника «советскому войну-освободителю», голова, скорее, от Барклая де Толли; цвет, простите, кала). Ясное дело, что подобное позорище долго не простоит."
7,https://www.mk.ru/blogs/posts/nadeyus-rossiyskie-chinovniki-otkazhutsya-ot-sodomitskikh-ayfonov-i-aypadov.html,"Надеюсь, российские чиновники откажутся от содомитских айфонов и айпадов?!. Блог Евгения Понасенкова на mk.ru",31 октября 2014,"Глава корпорации Apple Тим Кук публично объявил о своей нетрадиционной сексуальной ориентации. «Позвольте мне пояснить: я гей и горжусь этим», — сказал Тим Кук в интервью изданию Bloomberg Businessweek. «Годами я открыто говорил со многими людьми о своей сексуальной ориентации. Многие коллеги в Apple знают, что я гей, и это, кажется, не влияет на то, как они ко мне относятся», — уточнил Кук. А я хочу напомнить, что он пришел на работу в Apple в марте 1998 года. В 2011 Кук был назначен на пост гендиректора компании (после отставки Джобса). За время руководства Кука Apple успешно запустила на рынок смартфон iPhone 5, 6 серий планшет iPad третьего поколения, а также множество программных новинок. Теперь, по логике вещей, руководствуясь принципами советской духовности, отечественные чиновники обязаны отказаться от всех этих технических новинок. Кроме того, необходимо оградить несовершеннолетних от использования предметов, автоматически пропагандирующих неправильную (с точки зрения российских законов) любовь. В этой связи я бы так же запретил следующее: - научные знания (изначально изобретены в Древней Греции, в полисах, где однополые отношения были частью этической, а затем и государственной доктрины калокагатии), основные виды обретенных там же и при тех обстоятельствах искусств. Отдельным законом запретить упоминать имена Сократа, Платона, Аристотеля, Антисфена. - запретить использовать перспективу в живописи (открыта содомитом Леонардо да Винчи) - запретить использование компьютера (Алан Тьюринг). - запретить литературные произведения: Софокла, Еврипида, Петрония, Аппулея, Сервантеса, Марлоу, Шекспира, Флобера, Уайльда, Пруста, Стринберга, Т. Уильямса, Г. Х. Андерсена, Жюля Верна, Сомерсета Моэма, Томаса Манна, Андре Жида, Лорки, Брехта, Э. Олби, Трумана Капоте, Гора Видала, Алена Гинзберга, Кортасара, Сэлинджера, Арагона, Габриеля Арно; плюс – запретить поэтов: Вергилия, Катулла, Горация, Ювенала, Саади, Хафиза, У. Блейка, Байрона (он «би» - его можно запретить наполовину – по середине собрания сочинений), Шелли, фон Клейста, Бодлера, Верлена, Рембо, Киплинга, Уитмена, Кавафиса, Цветаеву, Рильке (связь с Кокто), Кокто, Батюшкова, Кузмина, Клюева, Есенина (так же – запретим наполовину собрания сочинений), Лермонтова в юбилейный госпраздник трогать временно не будем, но, как праздник закончится, - государственно запретим! - запретить исполнять музыку: Генделя, Люлли, Беллини, Шуберта (наполовину клавиров), Вагнера (наполовину опер – все равно очень длинные), Чайковского, Сен-Санса, Пуленка, Бриттена (кстати, мелодия «Нежности» А. Пахмутовой – это плагиат из «Сентиментальной Сарабанды» Б. Бриттена!), Кола Портера и т.д. - запретить упоминания о следующих полководцах: Александр Македонский, Юлий Цезарь («муж всех жен и жена всех солдат», как его называли современники; он тоже «би» - значит, запрещаем до времени «Рубикона»), Ричард Львиное Сердце, Фридрих Великий, Жак де Моле (великий магистр ордена тамплиеров), маршал принц Конде, маршалы Вандом и Тюренн, принц Евгений Савойский, генерал Макдональд (англо-бурская война), ген. Монтгомери (Вторая мировая) и т.д. - Запретить чтение философов: Сократ, Платон, Аристотель, Диоген, Зенон, Э. Роттердамский, Фрэнсис Бэкон, Мишель Монтень, Людвиг Витгенштейн, Кьеркигор, Сантаяна, Ролан Барт, Мишель Фуко, Жак Деррида, Константин Леонтьев (кстати, православный «философ») и т.д. - вырвать из школьных учебников главы про 99 % древнегреческих политических деятелей и римских императоров, 88 % римских пап, 70 % фридрихов немецких и людовиков французских (+ их же Генрихов), прибавив к ним тов. Хамураппи (вместе с его законами), библейского Давида (если воспринимать текст библейского эпоса всерьез), султанов Баязета Первого и Махмуда Газневида, халифов Аль Амина и Аль Мутаваккида (это из зафиксированных в источниках – а так-то в их банях вообще….), практически всех японских сёгунов и т.д., и т.д. - изъять из магазинов диски пианистов: Рихтера, Владимира Горовица, Вэна Кляйберна (в транскрипции СССР – Ван Клиберн) и им подобных. - отобрать у российских чиновников и их семей одежду всех (всех это значит – всех!) дизайнеров с мировым именем (интересно, что после этого на депутатах останется??). Так же необходимо отказаться от просмотра патриотических басен, созданных гомосексуалистом и лауреатом двух Сталинских премий Сергеем Эйзенштейном. Но запрет большого искусства духовный народ переживет, а вот от комедий Григория Александрова его будет сложнее отвадить…"
8,https://www.mk.ru/blogs/posts/kollegi-ne-speshite-gromko-nervnichat-i-pinat.html,"Коллеги, не спешите громко нервничать и пинать! . Блог Евгения Понасенкова на mk.ru",19 октября 2014,"Какими блоги и лента Фейбука нервными стали. Только кто-нибудь что-нибудь глупое ляпнет - так его ранее героическую тушку волокут по улицам фейсбука и блогов, пиная в те же бока, в которые раньше целовали взасос. Вот Лёша Навальный, сидя в своей квартирке, не захотел отделять от неё далекий Крым. Или Ходорковский из Швейцарии мечтает о русской социально справедливой империи. А представляете, если бы не дай Дарвин до современной техники дожил бы тов. Пушкин. И вот он в твиттере написал бы, что не поехал на Сенатскую площадь, потому что ему дорогу перебежал заяц, а он весь суеверный (это не моя шутка - это, как вы знаете, факт). И тут лента фейса переполнилась бы оскорблениями, появились бы демотиваторы, изображающие Сергеича с зайцем посреди бутерброда в зубах. А уж, когда бы он из ссылки приехал в кабинет царя Николя Палкина (а так и было - прямо в пыльной одежде, даже домой не заехал - прямо к царю-батюшке) - тут бы вся прогрессивная фейсбуковская, эховская и прочая общественность назвала бы его скотиной и соглашателем. Причем, по факту они были бы правы. Но тогда у нас по школам не висел бы его портрет и никто бы не пилил бюджет на юбилеях его жизни и творческого убийства. А так, ну, посетил он царя-палкина, а вы чай с «малинишным» вареньем пьёте - и ничего про это много месяцев, а то и лет не знаете. А там его уже и убьют - и пора лить слезы, писать диссертации. Так что - без нервов, всё равно с абсолютно чистой идейной биографией в этой сложноподчиненной стране только двое - один я, вторая умерла этим летом."
9,https://www.mk.ru/blogs/posts/issledovanie-bolezni-obshhestva-ne-po-uchebnikam.html,Исследование болезни общества не по учебникам…. Блог Евгения Понасенкова на mk.ru,15 октября 2014,"Не всем историкам выпадает сомнительная радость исследовать болезнь общества не по книжкам, а в режиме реального времени, совершенно материального кошмара. Можно прочитать массу документов и монографий, посвященных эпохе 1930-х гг. в Германии и СССР – но только в личном столкновении с кафкианской машиной можно отточить формулировки. Интересное ощущение для исследования (антропологического, исторического, психиатрического): каждый день русским двуногим сообщают про крах рубля (сложно вспомнить, когда еще нацвалюта так быстро летела к чертям окончательной ""духовности""), изъятие пенсионных накоплений на всякие авантюры, про законы, возвращающие мошенникам их арестованные в цивилизованных странах миллиарды, а двуногие, засунув головы в карманы (в генах без страуса, видимо, не обошлось) продолжают орать про собственную исключительность, несуществующие победы и проблемы всех соседних народов. Такой огромный дурдом - на насколько часовых поясов верности кретинизму и рабовладению. Ощущения действительно кафкианские. Тупиковый, душный, ватно-геометрический сюрреализм. И к «страусам» не пробиться, докричаться до толпы, бегущей к пропасти, не дадут гнилые поводыри. Вот пример. В очередной раз звонили с ТВ (нет смысла называть канал - все тут одинаковы), приглашали в эфир по Украине, на тему АТО, нацгвардии, Россия-Украина и т.д., но сразу спросили, что я скажу? Потом, не смутившись, заявили, что им нужно совсем другое ""мнение"", не меняя интонации, спросили - могу ли я озвучить НУЖНОЕ им мнение, я, естественно, послал, а дальше - еще лучше: просили ""только не обижайтесь, Евгений, можно я вам буду все равно звонить - может быть, срастётся на другой теме""? Ну, и что - опять «царя» будете ругать? Это он звонил? Или это он стоял с пушкой позади б…и? Нет, конечно. Вот почему я и говорю - самое глупое и опасное будет, когда ВСЁ станут сваливать на одного (а именно так и случится!). Самые опасные - не диктаторы (тем более - ну, где тут диктаторы?), и я бы даже первые их ""правые руки"" не записывал в самые страшные. Мало ли кто возомнит себя царем или захочет миллиарды в карман - это нормально для вида хомо. Самые страшные - это т.н. ""маленькие люди"" - именно они создают страшные режимы, именно они пишут доносы, стерегут концлагерь и т.д. Так что первыми надо наказывать БЕЗЫМЯННЫХ редакторов и администраторов с ТВ и т.д. Вообще же на необходимости нести агрессивную ахинею против Украины на свет дарвинов в отечественных СМИ вывели такую мразоту, такую бездарность, такую умственную немощь, которой не было НИКОГДА - даже в самые глухие годы совка. Это та бездарщина, которая годами побиралась и копила ущербную ненависть ко всему человечеству. И вот теперь эти шуты гороховые, которых назвали ""гостями"", ""экспертами"", ""политологами"" (если человек не знает истории и не разбирается в политике - его называют ""политологом"", если не умеет рисовать или режиссировать - ""перформером"", если он безвкусное чмо с бабской сумочкой и врожденными дефектами в разных частях тела - то ""стилистом"") заполняют эфир. Я даже не знаю, кто это, как зовут, откуда взяли? Я их никогда не видел на эфирах, которые последние лет десять посещал. Это просто специально выведенный сорт сорняка, который должен заполонить то, что еще недавно напоминало сад."
10,https://www.mk.ru/blogs/posts/nikto-ne-smog-by-sygrat-biografiyu-luchshe-yuriya-lyubimova.html,Никто не смог бы сыграть биографию лучше Юрия Любимова! . Блог Евгения Понасенкова на mk.ru,5 октября 2014,"Страна потеряла легенду, театр и кино – реформатора и сразу несколько эпох, я потерял человека, с которым работал и дружил. Это боль и печаль, но когда мы произносим имя Юрия Петровича мы всегда будем помнить не о смерти, которой для художника не существует, а о его бесконечных победах над превратным контекстом, над режимом, над мелочными врагами, над доносчиками, цензорами, хулителями и прочей биомассой, которая как Личность никогда и не рождалась. При вечной травле дожить до 97 лет и до последнего дня работать!? Это практически научно необъяснимая победа жизни – и навсегда таковою останется. И даже без пафосных слов: почти два года назад Любимов после осложнений от гриппа (вернулся из «бездуховной» Италии в «духовную» Россию – и как всегда…) впал в кому – и все мои знакомые из СМИ писали некрологи и звонили - просили срочно дать информацию. И были мною посланы. Кома в 95 – это «конец», но я знал, что Любимов должен установить еще один рекорд. И он это сделал – вышел из комы и поставил спектакль в Большом театре! Я вам признаюсь честно: мне было важно, чтобы он хотя бы только вышел из той чертовой комы (пусть даже на день – из принципа!) – потому что коллектив предателей-алкашей уже готовил пузырьки с крокодиловыми слезами, а журналюги ожидали премии за срочную работу. Я дарвинист, но был готов просить любых мифических персонажей помочь в деле победы над реальностью. Победа произошла. Это останется для истории и для всех вас, а со мной – беседы, репетиции, благословение в режиссерскую профессию и все то, что я видел и чему учился еще до нашего личного знакомства. Любимов – навсегда запомнится личностью, раздвинувшей рамки возможного и в искусстве, и в антропологии. Энергия его деятельности сохранится в космосе нашего бытия."
11,https://www.mk.ru/blogs/posts/o-lyubvi.html,О любви. Блог Евгения Понасенкова на mk.ru,8 сентября 2014,"На самом деле, любовь проверяется осенью. Летом - не то. На пляже, в жару - нет поэзии, нет четких контуров, нет формулировки, да и глаза разбегаются от вариантов. Весной еще хуже - организм с ума сходит от филологии слова ""весна"", ему все фотографии, все фильмы, все затертые фразы напоминают, что сейчас ""пришла весна - все оживает, пора влюбляться"" - вон коты уже, значит надо и тебе что-то срочно подцепить. Опять-таки почки, на реке лёд поломался, из-под него подснежники сами себя фотографируют и выкладываю в соцсети, скорее скинуть пальто - скорее получить насморк - и посреди этого любовь?? Не смешите мои полуботинки! Так что - осенью. Даже, исходя из подобной логики, лучше бы зимой (ядерной), но я не радикал. Я за золотую середину. Чтобы температура не сильно отвлекала от предмета временно вечного счастья (дрожь должна быть приятной). И чтобы листья опадали. Вот прямо пять красных налево - семь желтых направо и последний зеленый - держится, символизируя несгибаемость отношений. Пару опавших можно поднять и нести, когда гуляете вместе. Это придает физиологии необходимый культурному человеку романтизм. Потому что просто переспать - примитивно, а вот, когда за окном листопад, а на полке собрание сочинений кого-нибудь одобренного профессорами поэта-рогоносца: это уже по-человечески. Так что осень - это замечательно."
12,https://www.mk.ru/blogs/posts/ya-ochen-khochu-chtoby-naseleniem-rossii-pravili-putin-i-ego-komanda.html,"Я очень хочу, чтобы населением России правили Путин и его команда . Блог Евгения Понасенкова на mk.ru",2 сентября 2014,"Смотрю на население этой страны (именно ""население"" именно ""этой страны"" - у меня случайных терминов никогда не бывает), на соседей, на многих знакомых - и вот просто уже хочу, чтобы ими правил именно Путин, именно его команда, именно эта система!! Если бы не страдали немногочисленные вменяемые и просто прекрасные люди в России и за границей - я бы сейчас ВСЕ сделал, всю энергию и талант положил, чтобы поддержать режим, чтобы Путин царствовал долгие десятилетия, чтобы новые «опричники» не стеснялись в методах, чтобы в каждом доме была ""православиесамодержавиенародность"", чтобы это население все отдавало попам и государству, чтобы комитеты солдатских матерей не смущали министерство, чтобы граждане не лечились западными лекарствами и не пользовались бездуховной западной медициной - а лишь надеялись на исцеление путем целование костей мощей, чтобы никакими свободными СМИ и книжками они не наслаждались - пусть только гудок их зовет в разные пункты оруэлловского «скотного двора»! Я бы очень хотел, чтобы местное население жрало только те продукты и ездило только на тех машинах, которые оно само произведет. Если бы не несколько приличных людей - я бы сейчас же пошел помогать «царю», его курсу, его режиму. Россия, за редчайшим исключением, достойна нынешних хозяев и сегодняшнего положения. Вот мое отношение к местному населению."
13,https://www.mk.ru/blogs/posts/iz-dnevnikov-russkogo-patriota-i-naci8onalnogo-predatelya.html,Из дневников русского «патриота» и «национального предателя». Блог Евгения Понасенкова на mk.ru,28 августа 2014,"В последние месяцы разделение общества «шестую палату» и «пятую колонну» стало все более четким и внятным. В этой связи предлагаем немного почитать чужие личные записи (как нас учит опыт святой советской эпохи – в чтении чужих писем нет ничего предосудительного, если это в интересах государства…). Итак: Из дневника русско-советского т.н. «патриота»: «- опохмелка - утренние новости на Первом - желание отправиться убивать украинцев и американцев, но остался лежать на диване - из беседы с женой: «да ты сама мне всю жизнь с*** бл* испортила и дети твои наркоманы!» - ощущение еще большей ненависти к бельгийским ж*до-японцам - по сто грамм за Крым! - еще по сто за Россию - еще за Крым - уснул, во сне начал борьбу с Америкой и гейропой, почти победил, но с тылу подкрались шведские евреи-бандеровцы; во время сна опорожнился в штаны. - проснулся с жуткой ненавистью к французским хохлам и грузинам - пытался поставить на место охамевшую жену, но она сильно ударила чем-то по голове. Отключился - проснулся, посмотрел новости на России-1 - вместе с женой обсуждали натовских фашиствующих карателей, выпили за Севастополь - пошел дождь, в центре комнаты под там, где протекает, поставили таз - научил сына уму разуму, теперь вызвали скорую, но вроде как сами перебинтовали - еще по сто грамм за президента - думаю, что надо вообще эту США уничтожить, иначе нам тут жизни они не дадут - прошло три часа, скорая пока не приехала – но он, может, сам оклемается – надо просто дать выпить»… Из дневника русского «национального предателя»: «11.00 – мир с Англией 11.30 – завтрак: европейские продукты 12.00 – прослушивание музыки: Клод Франсуа, Майя Кристалинская, Алла Баянова 13.00 – мир с Украиной 13.30 – прослушивание музыки: Верди, Чайковский 14.30 – чтение Тургенева, Лорки, Баратынского 16.00 – обед: европейские продукты 17.00 – мир с США 17.30 – чтение Николая Гумилева, Юкио Мисимы 19.00 – мир со всеми странами мира 19.30 – прослушивание музыки: Беньямино Джильи, Надежда Обухова, Анна Моффо 20.30 – ужин: европейские продукты 21.30 – прослушивание музыки: европейское барокко, русские романсы 22.30 – чтение Лермонтова и Бродского и т пр. …». Вот и скажите мне: ну, не скотина этот нацпредатель, а?!!! Художественный постскриптум. Очень советую поглядеть гениальный фильм Гарри Бардина ""Гадкий утенок"" - тут все про Святую Русь сказано. Помню, я был на премьере - в Светлановском зале Дома музыки (да, Спиваков сам пустил, сам аплодировал - он ведь все понимает, просто хочет быть «в обойме») и очень благодарил Гарри Яковлевича за шедевр - и вот еще и еще раз благодарю и жму руку:"
14,https://www.mk.ru/blogs/posts/zayavlenie-russkogo-cheloveka.html,Заявление русского человека. Блог Евгения Понасенкова на mk.ru,20 августа 2014,"Должен внести научную и гражданскую ясность. Не надо ставить знак равенства между Россией и теми, кто фактически узурпировали право использовать этот термин, кто обманул ту часть населения, которую именуют чернью. Я презираю конкретно узурпаторов и чернь. Их совокупно я называю «рашкой». «Рашка» – это не страна, это мелкая шавка, гадина, которая достала весь мир и всех приличных людей – граждан России. «Рашка» ничего не производит и всех ненавидит, у нее полно комплексов – и от того она агрессивна. А есть Россия – огромная страна с Конституцией, со многими прекрасными и талантливыми людьми – ее гражданами. У этих людей есть широкие знания об окружающем мире, а значит, они имеют право на собственное мнение (а не на блеянье толпы, обманутой пропагандой) и на жизнь с достоинством. Я коренной москвич, я автор множества статей и книг, я поставил спектакли и снял фильмы. Я создаю культуру. Именно поэтому я один из тех, кто имеет право говорить от лица России. А бездари, которых я бы назвал «профессиональные патриоты» - лицемеры, любящие родину за распил бюджета, те, кто растоптали основной закон РФ – Конституцию, кто ничего не создает, а лишь позорит страну на весь мир своим архаичным шовинизмом – не имеют. Они узурпировали право голоса. Но это всего лишь бандитский захват - ничего более (и суд не за горами). Ни один из моих врагов (членов «рашки») не владеет русским языком так же, как я, ни одна подобная шавка не создала столько, сколько я. Они должны знать свое место и свое название. И в связи с истеричной, шизоидной агрессией этой грязи, я должен заявить - как русский, как коренной москвич, как гражданин Российской федерации, как историк и режиссер: я люблю и уважаю Грузию, Украину, Соединенные Штаты Америки – это прекрасные страны. Равно, как и другие страны. Нет плохих стран - есть плохие и хорошие люди. Люди бывают красивые и некрасивые, порядочные и непорядочные, талантливые и бездарные, вменяемые и невменяемые. Одних я люблю – других нет. Если же убогие члены т.н. «рашки» проявляют агрессию – пусть знают, что они мои враги, а я их враг. И соответственно – я друг всем цивилизованным людям на Земле, кто противостоит агрессорам всех мастей и географией."
15,https://www.mk.ru/blogs/posts/kak-umirayut-pesni.html,Как умирают песни. Блог Евгения Понасенкова на mk.ru,8 августа 2014,"Печаль моя светла, но от этого не легче… Когда я был в Париже и не следил за новостями, умерли два удивительных артиста – легендарный вердиевский тенор Карло Бергонци и Ольга Воронец. Вместе с Бергонци ушла целая манера эмиссии звука, мы в один миг стали дальше от настоящего бельканто. Все эти чудовищные хрипуны типа распиаренного олуха Кауфмана – лишь уродуют звук. Очень жаль Воронец. Красивый человек с восхитительным природным голосом. Красивые люди вообще не должны умирать. Вот неправильно это! И, если вспоминать, ее соперничество с Зыкиной – то, я, безусловно, поклонник Воронец. И по голосу, и в смысле музыкального вкуса, и в отношении оценки личности (да и по внешности…). Зыкина, конечно, задавила Ольгу Борисовну. Все же та недостаточно любила родину, то есть любила, но не в тех кабинетах, не в таком количестве. И брови у Воронец были гордые, а Зыкина всегда делала бровки, как я это называю, «с мыслью о России». Кстати, эти бровки у нее спи… укра… позаимствовала Лина Авраамовна Быстрицкая. И сделала на них большую карьеру зыкинскими методами любви (к родине). Воронец не стало 2-го августа. Ничего не значащее совпадение, но именно 2-го я гулял в своем любимом 16-м арондисмане (где нет афрокошмара и туристов) – как раз по тем улицам, где (сейчас очень отчетливо помню) в 2006-м году жил и слушал запись «Очаровательных глазок» в исполнении Ольги Борисовны. Эту песню надо слушать только пережив опыт настоящего чувства и достаточно громко (хотя все «пьяно» исполнительницы – стопроцентно верные и важные). Бергонци умер на вилле, Воронец умерла в маленькой квартирке в нищете. И соседка Воронец – величайшая из великих артисток, Клавдия Шульженко, так же умерла в нищете (в последние годы занимали друг у друга по копейке). И от этого мне без всяких крымнашистов и последних думских «законов» стыдно за страну, за население. Стыдно бесконечно. Что же?... Годы идут, люди уходят, даже песни уходят (хотя позже). Остаются только вечно повторяющиеся неповторимее чувства."
16,https://www.mk.ru/blogs/posts/o-samolete-otkuda-berutsya-terroristy.html,О самолете: откуда берутся террористы . Блог Евгения Понасенкова на mk.ru,21 июля 2014,"Откуда берутся террористы? Просто задумайтесь, что это за людишки - с социальной точки зрения? Это, прежде всего, нереализованные, ущербные типы. Без кругозора, без знаний о том, как велик и многообразен мир. Эти существа зацепляются за какую-нибудь мелкую идейку, которая не требует интеллекта и специальных знаний. Желательно, чтобы за эту идейку выдавали что-нибудь, чем можно пострелять и на что можно пожрать и заказать дешевую проститутку. То есть - автомат и деньги (а где же они иначе их заработают - интеллекта ведь нет). Ну, и конечно - бляшки, чтобы ими гарцевать перед такими же неудачниками и перед помянутыми дешевыми проститутками. 99% всех известных миру террористов прикрываются лозунгами про ""духовность"" (у всех оная фигня разная - но каждый раз ""единственно возможная"" - вся такая духовность-раздуховность), которая порылась у недрах их национальной национальности. Что в переводе на любой русский язык означает: маргинальный персонаж хочет пострелять, выпить и потрахаться. Это недолюди. И таких вот ""повстанцев"" мне не жалко - жалко тех, кто образованы, успешны, добродушны - но страдают из-за действий подобных ущербных скотов. Этих скотов, с их ""лугандами"" надо урывать в первые же сутки, причем, всем миром, а не только силами того государства, где инфекция проявилась."
17,https://www.mk.ru/blogs/posts/samyy-svobodnyy-grazhdanin-samoy-nesvobodnoy-evropeyskoy-strany.html,Самый свободный гражданин самой несвободной европейской страны. Блог Евгения Понасенкова на mk.ru,14 июля 2014,"Умер великий человек, чье значение смогут оценить по достоинству только спустя долгое время. Я настаиваю на этой формулировке – «великий»: Новодворская была самым свободным гражданином самой несвободной из стран европейской цивилизации. Ее кончина – трагедия для всех мыслящих и чувствующих людей в нашей стране. И мы должны честно признаться и всегда помнить: это не смерть от естественных причин, это убийство. Ее здоровье было уничтожено совковой фашистской системой, советской тюрьмой. И за этот фашизм пока никто не наказан. Но Валерия Ильинична умерла победителем, ибо вся эта фашистская свора не сумела сломить ее волю к свободе, ее блистательный интеллект и обаяние. Феноменальная эрудиция, остроумие, проницательность, принципиальность, возведенные в абсолют – все это Новодворская. И я очень благодарен судьбе за то, что я мог общаться с этим исключительным человеком лично. Сейчас я вспоминаю одну из наших бесед (в эфире радиостанции «Свобода»), посвященную теме противления и непротивления злу праведной силой, думаю, что там многое было сформулировано из числа того, что останется важным навсегда. По отношению к Новодворской можно очень хорошо идентифицировать личность: люди свободные, образованные, оригинальные – ее уважали (многие восхищались), а ущербные, тупоумные совки – страшно ненавидели. Ее свобода выводили их из себя. Я рад, что Новодворская увидела, как империя зла догнила и подохла, рад, что Валерия Ильинична дожила до того момента, когда уже стало понятно, что и неуклюжие попытки возродить фашизм – всего лишь шутовство, провал. Какие-то ее враги померли, многие – живы, но это лишь по паспорту – ибо они ни дня не жили по-настоящему. Они боялись, лгали, работали человечками «в футляре», их никто не любил и не уважал. А Леру любили, уважали – и будут любить и уважать многие тысячи достойных людей. И с каждым годом ее значение в истории России будет только расти. Я равнодушно отношусь к памятникам, но есть те редкие случаи, когда они очень нужны - потому что заявляют принципиальную позицию по очень важным для общества вопросам. Вот, кому стоило бы как можно быстрее и умнее поставить памятник - это Новодворской. Памятник идеи человеческого достоинства, стойкости, силы воли, памятник интеллекту, остроумию. Ясно, что в мордоре ничему подобному пока не стоять (этим идиотам обязательно надо, чтобы монстр сдох в третий раз - по тем же причинам, что и его сородичи первые два раза - в 17-м и 91-м, бегут по тем же граблям), но есть свободные страны - в Европе, есть США, Украина. Я бы предложил, например, такой вариант: в США, метрах в ста от Статуи Свободы - поставить абрис Валерии Ильиничны - через который все прохожие могут видеть статую Свободы. Это объединит три эпохи: Франция, первая заявившая в Европе о правах человека и подарившая статую-символ США, и гражданин России, который жил этим светом свободы."
18,https://www.mk.ru/blogs/posts/vsya-istoriya-i-politika-rossii-v-odnom-abzace.html,Вся история и политика России в одном абзаце!. Блог Евгения Понасенкова на mk.ru,11 июля 2014,"На днях на своей страничке в Фейсбуке в личную почту я получил письмо от одного из «френдов». Молодой человек (имени его не называю – у нас в стране за свободу слова можно погубить жизнь) написал, так сказать, о наболевшем – изложил вполне типичную (я бы даже сказал – архетипичную) для России ситуацию. И, на самом деле, как историк, я бы этой простенькой запиской заменил все многотомные монографии по истории России в разных ее и не совсем ее исторических конфигурациях. Это матрица, это лекало, это суть. Здесь так было всегда. Примечания: автор письма начинает с упоминания беседы А. Невзорова с Я. Кротовым (кстати, очень советую найти их в Ютьюбе), т.к. знает, что я дружу с Александром Глебовичем и часто бываю в эфире на «Радио свобода» у замечательного Якова Гавриловича (например – спор о душе и теле:). Пунктуацию и орфографию я сохраняю авторскую; название совхоза и имя его «хозяина» (он же помещик, он же председатель) я заменил литерой «N»: «Здравствуйте, Евгений. Сегодня у нас в совхозе увидел одну личность, и сразу же вспомнил беседу Александра Невзорова и Якова Кротова, когда Невзоров сказал, что Атеизм это серфинг, и чем больше волна религиозного мракобесия, тем большее удовольствие получаешь. Так вот та личность, бывший хозяин совхоза N, в состав которого входило село N, хозяином он стал, когда в 90-г задерживал зарплату на месяца, и требовал от рабочих акции взамен на зарплату. Обращения в суд были бессмысленными, так как ни один российский судья не откажется от огромной туши говядины. Когда люди чуть ли не голодали, без зарплаты (спасал людей домашний скот и огород), он шиковал по полной, и вот казалось бы это обычная история для России, но настает момент, когда Духовность начнет переться изо всех щелей, он продает совхоз за 2 млн $, строит Церковь православную (хотя сам татарин мусульманин) огораживает несколько гектаров нашего парка (это понятно, потому что церковные земли не облагаются налогом) и сам учится на священника (возможно уже отучился). Теперь будет ходить в рясе, и целовать иконки. Обычно сначала становятся священниками, а потом покупают джипы, а у нас своя гордость - поп сделавшийся богачом до принятия обета. А то, что из-за него более тысячи людей жили без лекарств, работали на износ, то для православия это ничего страшного - труд облагораживает, а деньги это вообще зло. В эту церковь только и ходят бывшие его подхалимы и родственники.»"
19,https://www.mk.ru/blogs/posts/parlament-khochet-zapretit-nam-ispolzovat-inostrannye-slova.html,Парламент хочет запретить нам использовать иностранные слова? . Блог Евгения Понасенкова на mk.ru,19 июня 2014,"Комитет Думы по культуре (иностранное слово) поддержал введение штрафов за неоправданное использование иностранных слов. Только невежда может быть не в курсе, что в русском языке практически нет никаких других опорных слов, кроме т.н. иностранных. В особенности - всё, что связано с цивилизацией: названия ВСЕХ наук (физика, химия, биология, история, астрономия, математика .....), всех видов искусств (музыка, театр, опера, балет....), всех правительственных органов (парламент, президент....), все религиозные термины (христианство - в т.ч.), все литературные (литература!) жанры, все технические и армейские термины (""технические"", «армейские» и ""термины"" - тоже нерусские слова), все конкретно (""конкретно!"") компьютерные и т.д. Даже баня - латинское слово. Слова ""наивный"" и ""серьезный"" менее двухсот лет назад перевели с французского (до этого просто их тут НЕ СУЩЕСТВОВАЛО). И слово «патриотизм» - и то украдено на Западе. Позор! Даже слово ""влюбленность"" и ""впечатление"" - это КАЛЬКИ с французского (например, в печатать - им/ пресьон - в/ печатление), ""трогательный"", ""замечательный"", сделанные лично Карамзиным. Все грам. формы - все в 19-м веке перевели с французского. Почитайте русские тексты до карамзинско-пушкинских переводов с французского - этот бред вы на 70% не переварите. Так, что - уж тогда давайте запретим иностранное слово ""депутат""! И для размышлений (у кого есть, чем размышлять): Современный словарь иностранных слов. М.: Изд-во Русский язык, 1999. 740 с. Содержит 20 тысяч слов!!!"
20,https://www.mk.ru/blogs/posts/rossiya-kotoroy-k-sozhaleniyu-ne-proizoshlo.html,"Россия, которой, к сожалению, не произошло . Блог Евгения Понасенкова на mk.ru",16 июня 2014,"Стоит задуматься: поразительно, сколько было сделано за первые годы свободы (после 1991 года), как с нуля, после советского кошмара голода и варварства стали появляться фирмы, открываться магазины, сколько появилось ярких форматов на ТВ, как быстро были опубликованы книги, которые находились под запретом, как интенсивно росло благосостояние нарождающегося среднего класса (сравните ситуацию, например, с покупкой машины и костюма в эпоху застоя и после гайдаровских реформ). Безусловно, все это не могло происходить идеально стилистически, но совок вариантов не оставлял – или так, или никак – иначе крах, развал, гибель. Таким образом, есть (!) русские Люди, которые на своих плечах, на своем таланте, энергии сумели поднять страну из руин, именно меньшинство этих настоящих людей вынесло из пасти гибели миллионы инертных олухов и еще значительную группу активно вредящих комуняк. Граждане РФ смогли, наконец, свободно говорить, публиковать свои идеи, ездить за границу, пить и есть еду и напитки, а не помои – все это благодаря «плохим» реформаторам и благодаря «плохому» Западу. Еда, одежда, знания о том, как разумно устроить жизнь – это подарок Запада (про гуманитарную помощь, кредиты и т.д. – уже молчу). Но Россия не сумела воспользоваться историческим шансом войти в цивилизованный мир (главная причина: не были наказаны те силы, которые устроили из страны концлагерь). И вот теперь происходит страшный откат назад. По всей видимости, живой труп совка должен догнить – и уже только потом на останках может начать расти что-то новое, живое и вменяемое."
21,https://www.mk.ru/blogs/posts/unikalnyy-istoricheskiy-shans-dlya-adeptov-russkoy-idei.html,Уникальный исторический шанс для адептов «русской идеи». Блог Евгения Понасенкова на mk.ru,11 июня 2014,"Ну, вот же он! Шанс! Шанс не на бумаге, не просто болтая языком, а не деле доказать, что вы на все готовы за т.н. «русскую идею». Исходя из правдивых заверений отечественной прессы, в эти дни и часы на границе России - в Славянске, в Донецке, в Луганске решается судьба русских и «русской идеи». Вооруженные до зубов дивизии бандеровцев при поддержке фашиствующих инопланетян грозят уже заветным рубежам. Тучи на них (на границах) ходят как никогда хмуро. Почему господа громкоговорители отсиживаются в Москве? Почему, к примеру, товарищу Дугину удобнее уютное кресло в университете? Университет, философия и социология – вообще термины и явления с бездуховного Запада. Необходимо срочно отказаться от всего западного (включая университеты, электричество и канализацию) – и личным примером показать, как надо. Сколько, я бы сказал, громкоговорителей за русскую идею живут и делают заявления на кухнях, в пивных, в лифте, на работе, в гаражах, на даче, на свадьбе, у врачей. Но где же их пламенные сердца, где их несметный и прохладный ум – почему он до сих пор не согревает алтарь великой идеи? По роду своих профессиональных интересов (военная история эпохи Наполеона) я часто сталкиваюсь с членами клубов реконструкции униформы русской армии периода войны 1812 года. Они воссоздают не только костюмы, но и быт, часто выступают на полях французской боевой славы (к примеру, на поле поражения при Бородино). Более того, они все носят муляжи орденов и медалей – и всегда громко заявляют о своей любви к Отечеству, противопоставляя себя окружающим непатриотам. Вот! Вот он шанс заслужить все эти знаки отличия. Пусть значки перестанут быть лишь дамской бижутерией и превратятся в обагренный умом патриота-имперца алмаз доблести, освещающий вечную славу великой державы! Пусть они блестят лучами Святого Грааля во мраке современного мира, погрязшего в смрадном болоте научных открытий и вездесущей гигиены. Господа товарищи гусары, драгуны, уланы, гренадеры и их маркитантки, еще не все потеряно: История дает вам шанс войти в нее с парадного входа. Где находится этот вход - вы теперь знаете. Я убежден, что небесное воинство будет вам сопутствовать и направлять ваши устремления на врагов Третьего р… Рима. Я еще раз повторяю: конечно, шантажировать соседние страны нефтью и газом – это проверенная, традиционная миссия православной империи, но нельзя ограничиваться лишь газом. Наш главный ресурс во все века – это люди. Поэтому следуя известным заветам маршала победы Жукова, я призываю всех вас отстоять русскую имперскую идею не словом, а делом. И да будет ославлен тот, кто не встанет, как один."
22,https://www.mk.ru/blogs/posts/bonapart-uchitel-i-lyubimyiy-chudobogatyir-suvorova.html,Бонапарт – учитель и любимый чудо-богатырь Суворова?!. Блог Евгения Понасенкова на mk.ru,22 мая 2014,"На днях завершилось длившееся целый год голосование (в рамках национального конкурса «Имя Победы») за титул лучшего полководца в истории страны. Большинство проголосовавших выбрали Александра Суворова. Однако им, наверняка, и невдомёк, что, по сути, они избрали главным полководцем России – Бонапарта! Как так вышло? В юбилейный год европейского похода Александра Суворова я предпринял собственный поход по архивам и по местам былых сражений. Из Италии я вернулся с совершенно новым взглядом на легендарного полководца. История – это такая красивая одежда человечества, которую постоянно необходимо стирать, иначе она станет дурно пахнуть – более того, в ней могут завестись паразиты. Под паразитами я подразумеваю, прежде всего, всевозможные мифы, специально сфабрикованные государственной идеологией, и еще большее количество бытового мусора, который сам собой производит коллективное бессознательное. Что это бессознательное «знает» о Суворове, помимо того, что его рисуют на алкогольных этикетках и на наружной социальной рекламе в дни праздников местного государства? Старшее поколение хотя бы наблюдало фильм, где некий актер обезьянничал перед антисоветским элементом (монархом) Павлом Петровичем. А интеллигенция, которая в промежутке между поглощением Ремарка и визитом на закрытый показ фильмов Пазолини успевала заглянуть в какую-нибудь популяризаторскую книжку про историю «слинявшего» (термин Василия Розанова) в 1917 году отечества, слышала, что Суворов был «великим полководцем», и что он называл русских солдат «чудо-богатырями». А теперь я предлагаю обратиться к фактам, документам – и первое слово я предоставляю самому Александру Васильевичу. Начнем с того, кого все-таки Суворов счел достойным именовать «чудо-богатырем» - причем, в отличие от собственных солдат, это зафиксировано в документе (который, к сожалению, практически не известен даже специалистам). В письме своему племяннику А. Горчакову (октябрь 1796 г.) он сообщал: «О, как шагает этот юный Бонапарт! Он герой, он чудо-богатырь, он колдун! Он побеждает и природу, и людей. Он обошел Альпы, как будто их и не было вовсе. Он спрятал в карман грозные их вершины, а войско свое затаил в правом рукаве своего мундира. Казалось, что неприятель тогда только замечал его солдат, когда он их устремлял, словно Юпитер свою молнию, сея всюду страх и поражая рассеянные толпы австрийцев и пьемонтцев. О, как он шагает! Лишь только вступил на путь военачальства, как уж он разрубил Гордиев узел тактики. Не заботясь о числе, он везде нападает на неприятеля и разбивает его начисто. Ему ведома неодолимая сила натиска – более не надобно. Противники его будут упорствовать в вялой своей тактике, подчиненной перьям кабинетным, а у него военный совет в голове. В действиях свободен как воздух, которым дышит. Он движет полки свои, бьется и побеждает по воле своей!» На самом деле, этот документ не только ставит крест на передернутой слухами фразе про «пора унять молодца», но и проливает свет на успехи Суворова в его единственной (!) кампании, в которой он сражался с серьезным противником. Объясню. Если изучать историю итальянской кампании Бонапарта 1796-1797 гг. и аналогичной кампании Суворова 1799 г., то легко пропустить феноменальное открытие. Дело в том, что Суворов фактически снял кальку с действий Бонапарта! Меня это осенило, когда я педантично прошелся по стопам обоих: я сэкономил на такси почти половину отложенной суммы – ведь маршрут был обескураживающее удобный! Более того, из оперативной документации русской армии явствует, что Суворов целенаправленно повторял все операции Бонапарта (включая, миланскую операцию и взятие Мантуи), но главное – он феноменально точно следовал стилю юного учителя. Процитированное письмо безапелляционно свидетельствует: Суворов внимательнейшим образом следил за каждым шагом Бонапарта и все анализировал. Действительно: благодаря европейской прессе, в 1796 году молодой генерал с античным профилем стал настоящей, выражаясь сегодняшним языком, поп-звездой. Сотни статей, гравюр, восторженных обсуждений в салонах – у континента появился новый герой, напоминавшей об эпической романтике Древней Греции и Рима. Надо подчеркнуть: в том, что Суворов фактически стал учеником молодого гения, нет ничего из ряда вон выходящего или, тем более, зазорного. Учиться – никогда не поздно и всегда достойно. Вообще Бонапарт «открыл» некую «школу повышения квалификации» для вражеских генералов старшего поколения: и Вурмзер, и Альвинцы (австрийские генералы), и пруссак Блюхер, и Беннигсен (подданный английского короля генерал на русской службе) – в непосредственном контакте (а Суворов – заочно) - все осваивали новшества «современного Цезаря». Замечу, что сам Бонапарт никогда ничего внятного о Суворове не знал и, соответственно, не писал: до 1799 года он вообще практически не имел шансов слышать о русском генерале, который воевал под чьим-то началом где-то против турок или давил в крови восстания крестьян (таких же, подчеркну, православных, как и он). Тем не менее, в итальянских опытах Бонапарта и Суворова было и много различий. Например (и это акцентируется в упомянутом письме) армия Бонапарта была меньше, чем у противника, а войска Суворова наоборот численно превосходили французов. Кроме того, у русско-австрийских сил, которые направлялись интервенцией во Францию (это вам полезно напомнить – ведь 1812 год был лишь итогом самообороны молодой Франции, от беспрестанных коалиций, начавшихся, когда Бонапарт был еще нищим офицером) сразу обнаружился сильный помощник – агрессивная пропаганда священников среди наименее просвещенной части пьемонтцев в отдаленных крестьянских районах. Именно служители культа призывали своих соотечественников зверски убивать и погибать самим за то, чтобы вновь вернуть австрийское иго и феодальные порядки – ибо они тамошним попам были выгодны! Французский генерал Жан Виктор Моро свидетельствует: «Сорок тысяч восставших пьемонтцев перерезали нам все возможные пути отхода во Францию. Шестьдесят тысяч русских и австрийцев преследовали нас по пятам. Наши командные пункты в Мантуе, Ферраре и др., запуганные или подкупленные, сдавались без единого выстрела, как, например, Чева, которая прикрывала единственную дорогу, по которой я мог достичь Генуи, сдалась на милость простых крестьян». Таким образом, Суворову оставалось только совершить «туристическую поездку» по пушкинским, пардон, бонапартовым местам. В этой связи, не лишним будет напомнить, что последующий швейцарский поход Суворова окончился полным провалом: возможно, потому, что юный учитель туда не углублялся - маршрутов проложено не было. А непосредственный ученик-подчиненный Бонапарта (французский генерал Андре Массена) сдал экзамен «на отлично», заставив Суворова поспешно отступать, простите за каламбур, по чертовски опасному маршруту, на котором он загубил огромное количество солдат (крепостному царству рабов не жалко – они ничего не стоят) и еще около 7000 оставил пленными. Этих несчастных жертв амбиций Российской империи без взаимообмена (!), обмундировав за счет казны Франции (!) и разрешив офицерам носить оружие, ставший консулом Бонапарт, возвратит русскому царю – ведь для Наполеона мир с Россией был главной целью всей внешней политики. Однако Павел I был вскоре убит на деньги объективного врага и Франции, и России – Англии, а пассивно участвовавший в заговоре против собственного отца и «помазанника божьего» православный цесаревич Александр посвятил свою жизнь не решению наболевших проблем России, а постоянным походам против Наполеона, которому страшно завидовал, но в отличие от Суворова, был не в состоянии ничему научиться. А теперь предлагаю взглянуть на «карту» профессиональной биографии Суворова: если мы будем внимательны и объективны – то придем к неожиданным выводам. Итак, в начале службы (в период Семилетней войны) главная фигура отечественной военной мифологии служила не на передовой, а обер-провиантмейстером, затем (совсем недолго) – на небольшой должности в арьергарде. Однако вскоре приходит первая слава – Суворов подавляет сопротивление польских патриотов-конфедератов (напомню: «миролюбивая» Россия участвовала в разделе Польши задолго до пакта Молотова-Риббентропа) – и становится обласканным весьма имперским образом. Ему доверяют корпуса на турецком фронте (жадность Российской империи хотела знать промежуточные границы в виде Константинополя), где он сражается не самостоятельно, а под началом Румянцева и Потемкина. При этом мы должны честно отдавать себе отчет: уровень турецкой армии и тактики оставался примерно на уровне шестнадцатого века. Какой же вывод? Единственный раз, когда Суворов в качестве командующего сражался с европейской армией достойного уровня – был его удачный Итальянский и неудачный Швейцарский походы. Откуда же такая слава и любовь всех режимов, которые были на территории России? Ответ прост: Суворов всегда был главным усмирителем восстаний внутри страны – именно ему доверили добивать остатки пугачевщины, и он же прославился своей жестокостью в подавлении сопротивления оккупированных польских земель, где русские солдаты не жалели ни женин, ни детей. Такие герои приятны и царскому, и советскому, и нынешнему режиму…"
23,https://www.mk.ru/blogs/posts/perenapravit-nenavist-chtobyi-uderzhatsya-u-vlasti.html,"Перенаправить ненависть, чтобы удержаться у власти. Блог Евгения Понасенкова на mk.ru",7 мая 2014,"Историческая пьеса «Россия и Украина» будет иметь несколько актов, но за громким ором и яркими пропагандистскими картинками, за массой пусть и эффектных, но подробностей мы должны рассмотреть главное и ответить на вопрос «зачем», «кому это выгодно». По моему убеждению, российский режим, оказавшись в тупике, в который сам себя загнал, решил хитро перенаправить ненависть населения изнутри - вовне. Все недовольство жизнью, в котором виноват режим (и народ, который или молчит, или поддерживает его), все теперь превращено во внешнюю агрессию (нашли наиболее уязвимого и наименее опасного соседа) и ко всему добродушному внутри. Под «тупиком» я подразумеваю неработающую экономику, чудовищную коррупцию, нефтяную «иглу», миллионы безвизовых азиатов, провал попыток использовать устаревшие идеологические схемы, деградация культуры, отток капиталов, бегство интеллектуалов, репрессивные законы и т.д., и т.д. И вот все стало раздражать даже совсем «овощные» слои населения. Единственным способом продлить агонию и удержать власть было направить энергию протеста вовне. Не получится «маленькая победоносная война» - устроим большую проигрышную, зато долгую. Есть задача – закрыть страну от свободной информации, но и это хорошо бы провернуть под маркой борьбы с «цивилизационными» врагами. Все это было, все проходили. Нет, чтобы, наконец, научиться что-то производить (ведь Россия все закупает у «врагов») – нет, лучше мы уйдем в еще большее отставание, в средневековье – главное, чтобы небольшое количество заинтересованных лиц сохранило власть и свободу. Как историк я уже все это видел, все помню. Сегодня Россия идет по известному сценарию 1930-х. Просто диву даешься, насколько люди бывают слепы. Но лично мне все это было видно (привет Ванге!) еще в 2004 году – и вот тому печатное доказательство. Однако вернемся к риторике дня. И сегодня я хочу добавить в копилку противоречий официозной идеологии следующее: а у нас православная страна или нет? В последние годы только это и вдалбливают населению. А разве христианин может разделять людей по национальности? может иметь границу, собственность? Может ненавидеть, к примеру, украинцев, отнимать Крым, посылать танки? Товарищи шулера пропаганды – выберите что-то одно. Так что всем невеждам с дешевой клерикальной и милитаристской риторикой сразу бейте по физии этими стопроцентно логичными вопросами."
24,https://www.mk.ru/blogs/posts/o-chem-vse-boyatsya-skazat.html,О чем все боятся сказать. Блог Евгения Понасенкова на mk.ru,22 апреля 2014,"Я все же не могу поддержать моду последних лет на узкие лацканы. Нет, я не ретроград и вообще терпимо отношусь к нововведениям (поезда, телефоны и т.д.), но делать из лацкана нечто незначительное, практически ободок вместо целого элемента со своим характером – это уже слишком! Повторюсь, я вовсе не радикально настроен – я согласен даже иметь в гардеробе условно на 10 пиджаков – два с подобным вариантом лацканов – но чувствую, что тенденция мечтает получить диктаторские полномочия. А это уже серьезно. Общество не замечает, как отвлекая людей разными войнами, революциями и экономическими кризисами, дизайнеры стараются лишить нас лацканов. Вообще задумайтесь: разве может человек добропорядочного содержания полностью перейти на этот недолацкан в два-три сантиметрика? Безусловно – нет. И молчать об этом я не намерен. Сегодня они пришли за лацканами, завтра откажутся от /расшитой/ шлицы среднего заднего шва, а послезавтра наступит конец света."
25,https://www.mk.ru/blogs/posts/zhirinovskiy-i-pashalnaya-beremennost.html,Жириновский и пасхальная беременность. Блог Евгения Понасенкова на mk.ru,21 апреля 2014,"Хочу разобрать пример коллективной бессознательной дурости. Многие сегодня в блогах, в фесбуках негодовали в честь инцидента с участием Жириновского и журналисток. Негодующие, очевидно, не включали мозг. Вот постарайтесь его включить – задумайтесь, кто из сторон повел себя неадекватно? Жириновский 25 лет играет одну и ту же партию - эрудированной клоунады с элементами гротеска и агрессии. Он это делает КАЖДЫЙ ДЕНЬ. Как назвать тех, так сказать, клушек, которые приперлись в Думу и приставили к нему диктофоны (!), чтобы брать интервью (!?). По моему убеждению – неумные они! Я, конечно, хотел сейчас обозначить их другим словом – но редактор не пропустит. Жириновский спросил – кого представляют, ответ: киселевскую конторку. Значит, правильно у Вольфыча еще и вырывались другие матерные полслова... То есть – человек вчера еще надевал униформу полковника – а вы от него сегодня чего хотите? Ну, вот чего? И почему вас так задела беременность одной из, так сказать, девушек?? Беременность не является ни болезнью, ни достижением таланта. Она сама беременная пошла брать интервью у такого-сякого Жириновского. А кто даст гарантийный талон, что те, кого такие рожают – не будут так же на побегушках брать «интервью» у опричников генсека!? И когда Жириновский послал своих подручных целовать присутствующих в связи с очередным древнеиудейским исконно русским праздником – он, я уверен, был в полном адеквате. ЭТО ЖЕ И ЕСТЬ ПРАВОСЛАВИЕ! Это еще слишком мягко: девушкиных и подручкиных предков княжеские сатрапы ПАЛКАМИ загнали в речку креститься – и тысячу лет эти … красят яйца и несут десятину жирным бездельникам. Значит, поделом. Они ведь фактически холопки режима, ситуации. Они потом, что делать пойдут? РАСШИФРОВЫВАТЬ СЛОВА ДЕПУТАТА Госдумы РФ и втирать это в мозги населению!! И как их назвать? А Вольфыч не первый день живет на свете, жизнь знает. В итоге – всего лишь опричник накричал на холопов? В чем проблема? Это же и есть духовность! Кроме того, как уверяют православные – на все воля Божия, так какого черта негодовать на Жириновского???"
26,https://www.mk.ru/blogs/posts/patriot-i-patriotizm-v-rossii.html,Патриот и патриотизм в России . Блог Евгения Понасенкова на mk.ru,25 марта 2014,"Так называемые «естественные права человека» есть у всех, даже у глупцов, поэтому я этот пост пишу специально для них (умные и сами все понимают) – как еще одну попытку открыть им глаза на реальность. Поймите, я, например, тоже хочу получать удовольствие от страны, в которой родился, моему самолюбию было бы приятно сказать иностранцам, что – вот, мол, вы у нас переняли Декларацию прав человека и гражданина, Гражданский кодекс, Великую хартию вольностей, самые достойные граждане вашей страны пережидали в моей стране, пока у вас был тоталитаризм, мы одарили нас высокими технологиями – и т.д. Но по факту в Истории все сложилось – наоборот. И в подобной ситуации гражданин России делает для себя выбор: или он любит родину, он патриот – понимает реальное положение дел и хочет изменить эту печальную страну, где не соблюдаются права человека, которая ничего не производит и постоянно конфликтует с мировым сообществом – к лучшему, или он обыкновенные тупое и хамское говно, которое только кричит бредни, что мы «самые-самые», что все враги, что ничего тут менять не нужно, а сам крикун или просто спивается или ему случайно удалось по блату присосаться к распилу бюджета сырьевого придатка Европы от продажи шкур зверей (в прошлые века) или от продажи нефти, и с полученными барышами от лицемерно радуется жизни на «загнивающем Западе». Именно второй тип – именно эти мрази КОНСЕРВИРУЮТ отставание моей родины от цивилизованных стран, именно они – главный враг России (они, а не соседи, которые к нам поставляют еду, машины, технологии /включая – экран, в который вы в данный момент пялитесь/, которые нам когда-то подарили все виды искусства и науки). Для многих олухов, кто видел мои передачи и читал мои книги (но, что называется, смотрел в книгу, а видел «фигу»), я являюсь примером «непатриота», потому что говорю правду и не желаю называть черное – белым. Этих олухов обманули шулера, которые вставили в их зомбированную башку два-три дегенеративных лозунга, вручили транспаранты и погнали, как стадо, радоваться любому кошмару, устроенному начальством: от крепостного права – до ГУЛАГа, и далее – до нынешней реставрации «империи и зла». Поэтому я еще раз постулирую: надо четко определить дефиниции – патриот, это тот, кто хочет для своей страны лучшего, или тот, кто психически нездоров, неадекватно оценивает реальность и опасен для окружающих здоровых сограждан и жителей соседних стран? На практике чаще встречается, что в России «патриот» - это второй вариант, поэтому здесь слово «патриотизм» уже звучит как ругательство (в приличном обществе). В итоге главная задача - культурная, просветительская и политическая – вернуть словам их словарный смысл."
27,https://www.mk.ru/blogs/posts/mozhno-li-na-vorovstve-osnovat-natsionalnuyu-duhovnost.html,Можно ли на воровстве основать национальную «духовность»?. Блог Евгения Понасенкова на mk.ru,20 марта 2014,"Вот честное слово, не хотел об этом писать – вернее, приводить конкретные примеры, но меня вынудили. В последние дни градус псевдопатриотической истерии разбил все термометры – но это нормально: так обычно бывает во всех странах, с несостоятельной экономикой – перед ее крахом. И когда уже не по своей инициативе, а лишь втянутому с агрессивную беседу про «наши» и «не наши» «ценности», приходится отвечать – то кого-то неизбежно приносишь «в жертву» истине. Как историк я давно отстаиваю концепцию о необходимости дальнейшего окультуривания нашей родины (если в двух словах: Россия – провинция Европы, которая должна продолжать учиться у нее, как у родителя общей великой цивилизации), но часто натыкаюсь на невежественных, но весьма агрессивных спорщиков, которые все хотят идти неким «своим путем» и кричат о неимоверной «самобытности России». Сто раз я уже писал о том, что все науки, все виды искусства, все жанры литературы (а так же книгопечатный станок, вилка и аптеки) – все у нас завезено с Запада (как и абсолютное большинство соответствующих слов) – но вот на днях загнанные в угол оппоненты бросились на меня в прямом смысле с пеной у рта и закричали о том, что «у нас тут музыка, которая для души – а у них там такой быть вообще не может». И в качестве примера умудрились привести два действительно хрестоматийных, действительно базовых для национального менталитета примера, но, к сожалению, оба примера – чистейший и позорнейший плагиат. Поскольку подобные ошибочные примеры – штука невероятно распространенная, то я вынужден (!) об этом сказать – итак. «Нежность» (слушаем) - песня А. Пахмутовой на стихи Н. Добронравова – это укр… заимствованная у Бенджамина Бриттена «Сентиментальная сарабанда», слушаем ее. Сочинение Бриттена, безусловно, на много уровней сложнее и тоньше песни (которую я ОЧЕНЬ любил с детства) Пахмутовой, но я должен напомнить одну кошмарную для нашей «духовности» штуку: один из главных композиторов двадцатого века был открытым геем, и открыто жил со своим любовником – тенором Питером Пирсом (уникальный случай: в связи со смертью Бриттена королева принесла официальные соболезнования его официальному партнеру). Таким образом, я считаю, что наши патриоты должны немедленно перестать восхищаться песней Пахмутовой (и вырезать ее из фильма «Три тополя на Плющихе») не столько из-за плагиата (коррумпированных чиновников таким детсадом не смутишь), но по аспектам «нравственного» свойства. И вообще, какое счастье, как отрадно сознавать, что вот, к примеру, наш Николай Добронравов – не имеет ничего общего с растленным Бриттеном: Николай Николаевич всю жизнь был верен Александре Николаевне. И вторая хрестоматийная песня – еще более «русопятская». Она называется «Вальс расставания» (в народе - «Вальсок») и написана Яном Френкелем на стихи К. Ваншенкина (стихи простенькие – эмоциональный эффект держится на мелодии). Прозвучала она в фильме «Женщины», который повествовал о «типичных представителях» русской, советской женщины – об их сложной судьбе и непоколебимой «духовности», которую укрепляет русская песня. Играли там Нина Сазонова и Инна Макарова. Песню вы все прекрасно знаете, десятилетиями звучит из всех радиоточек, вот она. А теперь слушаем оригинал, который написал человек не просто с фамилией Крейслер, но и с именем Фриц (австрийский скрипач и композитор). Обратите внимание, насколько чудовищно нагло в обоих случаях сделан плагиат – композиторы страны «победившей духовности» даже не удосужились схитрить (музыканты поймут) и как-то модифицировать главную тему. Еще раз хочу сказать, что обе эти песни мною с детства любимы, что плагиат я случайно выяснил 10 лет назад, и четыре года назад (соответственно), но не хотел на этом заострять внимание. Теперь меня вынудили. Кстати, таких примеров я знаю МНОЖЕСТВО – просто, не про все мне кричали в последние дни с пеной у рта. Замечу, что деятели русской культуры девятнадцатого века были более совестливыми (возможно, потому что граница была открыта и информация могла просочиться…). Например, тот же Пушкин всегда признавал, что многие образы и жанры заимствовал у Шатобриана и Байрона, а подчас - делал сноску – и прямо писал, что, например, «привычка свыше нам дана: замена счастию она» - это прямой ПЕРЕВОД из Шатобриана. Так же и композиторы. Например, я помню, был в восторге от песни из оперы А. Аренского «Рафаэль» (знаменитая ария «Страстью и негою сердце трепещет», советую слушать в исполнении Л. Собинова) – удивился мелодичности, легкости (в России все чаще - тема замерзающего пьяного ямщика и народных бунтов), а когда отвлекся от диска и взялся за клавир - увидел сноску композитора «мелодия заимствована из неаполитанской песни». Ну, и т.д. Итак, зададимся логичным вопросом: можно ли основывать национальную «духовность» на воровстве, на обмане? Нравственно ли это (ведь мы сейчас так носимся с этим делом)? И не походит ли внешняя политика нынешнего правительства на подобные аферы в сфере искусства? Короче говоря: не стыдно ли присваивать себе чужое?! Да еще и кичиться тем, что мол – «у них там вот такого нет»! P.S. Продолжая тему «глиняных ног» колосса отечественной духовности, не могу не упомянуть и «внутривидовые» махинации. Например, на днях Интернет удивил МИД РФ, который на своей официальной странице в Фейсбуке разместил (вдруг) военизированное стихотворение тов. К. Симонова «Жди меня». Этот стих – один из главных символов советской пропаганды эпохи Второй мировой. Но я вынужден напомнить, что его текст нагло украден: тов. Симонов это своровал у расстрелянного большевиками Никлая Гумилева (т.е. стих принадлежит иной формации, Серебряному веку – наследнику Бодлера и Рембо), а так же имеет совсем другое, более тонкое значение: Жди меня. Я не вернусь — это выше сил. Если ранее не смог — значит — не любил. Но скажи, зачем тогда, уж который год, я Всевышнего прошу, чтоб тебя берег. Ждёшь меня? Я не вернусь, — не смогу. Прости, что стояла только грусть на моем пути. Может быть средь белых скал и святых могил я найду кого искал, кто меня любил? Жди меня. Я — не вернусь! Напомню, что советские скоты так и не реабилитировали великого Гумилева. Это было сделано только в 1992 году."
28,https://www.mk.ru/blogs/posts/odobryam-kollektivno-odobryam.html,"«Одобрям!», коллективно «одобрям!». Блог Евгения Понасенкова на mk.ru",12 марта 2014,"Как же все-таки тяжело прожить жизнь – и остаться приличным человеком… Вчера на сайте Министерства культуры (так сказать) вывесили список тех, кто заранее (!?) поддерживает любые решения правительства по украинским делам, почти мгновенно он появился в «Известиях», после чего его сразу обсудили в Фейсбуке. Многие фамилии уже не первый раз фигурируют в числе тех, кто обожает нынешний режим (за что имеет театры, бюджеты, ордена), но для темы войны нужен был еще более широкий спектр – поэтому «военный» список в разы длиннее. Понятное дело, что в нем практически все ректоры, дирЕкторы и прочие посаженные руководить заведениями – но для интервенции одних руководящих «совестЕй нации» наверху показалось мало, поэтому в перечне можно обнаружить имена и совсем уж давно списанные в качестве «торбы», но вот теперь их отыскали и использовали. Как историк я уже начитался подобных коллективных «писем», еще изучая советский режим. Газета «Правда» с физиологичной регулярностью публиковала подметные письма разных «деятелей» по всем поводам и без: вводить войска в Афганистан? – «вводить»! «Выводить?» - «выводить!» (те же самые фамилии). Осудить Израиль? – Осудить! Осудить США и страны капиталистического империализЬма («ь» знак – в произношении тов. Хрущева)? «Резко осудить!». И все подписывали, «осуждали» и одновременно мечтали урвать себе по блату или уголовным способом шмотки и пластинки из «вражьих» стран. Потом СССР догнил и рухнул, похоронив под своим гниющим трупом газетку «Правда». Открылись архивы, заговорили свидетели – выяснилось, что «Правда» несла ложь. Однако сами «деятели» остались. Никакими талантами они за 20 лет не обзавелись, зато главное свое гражданское свойство (на букву «б» - не при дамах) они сохранили и теперь готовы продолжить свою «творческую» деятельность. Хотя, конечно, некоторые могут попытаться все свести к шутке или сослаться на то, что у них «дети», «коллективы», а не будь их, то «никогда бы ни за что ни при каких обстоятельствах ни под дулом пистолета ни в страшном сне!» (сколько я такого уже наслушался!). Но всему этому блеянию – грош цена. Может так же всплыть и то, что за некоторых поставили подпись «сверху», рассчитывая на покорность крепостных актеришек и прочих. Но в любом случае – факт: не со всяким «сверху» могут сыграть в подобную игру, есть те редкие достойные люди, которые дорожат не своей карьерой, а собственной честью и вкусом – и никогда не пойдут на сделку с совестью. В этой связи я бы внес рационализаторское предложение: а давайте сразу, вот как только человек получает самый первый пост, должность, награду, звание – буквально самое низшее, первое – пусть сразу подписывается под коллективным письмом с формулировкой «Поддерживаю любое решение любой власти, действующей или будущей действовать в этой стране». И еще одно предложение: надо ввести почетное звание ""дважды"", ""трижды"", ""четырежды"" и т.д. б…. этой страны. Т.е. тем, кто снялись в соответствующих роликах + подписали, предположим, пару ""писем"" - тем присваивать звание ""Трижды б…."". В принципе, к этому можно присоединить их ""заслуги"" еще при совке - и кто-то будет именоваться ""Вечная б…."". А сейчас я бы призвал всех поглядеть монолог доверенного лица президента и человека подписавшего новое письмо – глубокоуважаемого Геннадия Хазанова: )"
29,https://www.mk.ru/blogs/posts/tovarischi-patriotyi-predlagayu-srochno-sdat-dollaryi.html,"Товарищи «патриоты», предлагаю срочно сдать доллары . Блог Евгения Понасенкова на mk.ru",7 марта 2014,"В последние дни и часы в социальных сетях (даже в Фейсбуке), да и на бытовом уровне – на улице, на работе, многие такие, которые называют себя «патриотами» (ну, назвать себя можно хоть Цезарем, хоть Клеопатрой – нужно еще обосновать) – так вот они громко ругают некий «Запад» и конкретные США и т.д. Орут вплоть до агрессивных тезисов. Окей, как говорят в России. Я даже не буду их осуждать и шельмовать. Я просто попросил бы их быть последовательными – на историческом и практическом уровне. Вот вы, например, в Фейсбуке пишите о ненависти к США – так откажитесь от Фейсбука, зачем пользоваться «вражьей» духовной скрепой? И я не понимаю: отчего это обвалился рубль, а не доллар или евро?! Почему профессиональные «патриоты» тут же не сдали все доллары в банкоматы? Оскорбляете, ненавидите германскую политику в отношении России – замечательно, но тогда перестаньте сами поддерживать эту политику: откажитесь от немецких машин, бытовой техники и т.д. Вы ненавидите растленные страны, которые распустили геев вплоть до возможности брака? Превосходно: срочно выйдите из всех своих французских машин, выбросите из холодильника сыр, вино, колбасу и т.д. – вдруг их произвели руки геев?! И уж сто процентов придется раздеться до гола – ибо вся приличная дизайнерская одежда вплоть до нижнего белья произведена открытыми геями. Какие проблемы? У вас останутся прекрасные вещи и еда отечественного производства. Прекратите пользоваться услугами западной медицины, пусть все спортсмены, попы и бизнесмены лечатся в великой православной России. Перестаньте пользоваться вилкой – ведь впервые ее в Россию насильно (!) привезла на собственную свадьбу вашингтонская агентша и бандеровка Марина Мнишек. И уж совершенно нетерпимо, что главные «духовные скрепы» русских – совсем не русские: придется отказаться от чужеземной христианской религии, да и от литературы: все эти романы, пьесы, стихи – все термины, жанры и стили навязаны нам невыносимым Западом. Наконец, вы все это читаете, везде пишите, всем звоните, пользуясь западными компьютерами, технологиями и средствами связи – полагаю, что из патриотических чувств вы должны немедленно от всего этого кошмара отказаться. Но и тогда будет недостаточно. Почему русские «патриоты» должны пользоваться иностранными словами-засланцами?! Надо исправить эту историческую несправедливость, эту вражью интервенцию! Вы только представьте, сколько лазутчиков топчут нашу родную «землю»?! Примеры таких страшно опасных западных слов: литература, поэзия, театр, балет, опера, драма, президент, парламент, император, телевизор, телефон, компьютер, бутылка, патриарх, архитектура, кодекс, полиция, история, филология, философия, баня, математика, биология, физика, циркуль, наивный, серьезный, школа, армия, фельдмаршал, принц, медаль, университет, религия – и, безусловно, надо отказаться от «вражьего», привнесенного с гнилого Запада слова – «патриотизм». P.S. Господа, если вы меня увидите, например, в Австралии - знайте, я представляю австралийские силы самообороны. Так что не волнуйтесь. Я спасу австралийцев от норвежских националистов. И кенгуру уже обратились ко мне с письменной просьбой о защите их от скандинавских нехристей."
